indicator_value__|,indicator_value__|__103006__1990,indicator_value__|__103006__1991,indicator_value__|__103006__1992,indicator_value__|__103006__1993,indicator_value__|__103006__1994,indicator_value__|__103006__1995,indicator_value__|__103006__1996,indicator_value__|__103006__1997,indicator_value__|__103006__1998,indicator_value__|__103006__1999,indicator_value__|__103006__2000,indicator_value__|__103006__2001,indicator_value__|__103006__2002,indicator_value__|__103006__2003,indicator_value__|__103006__2004,indicator_value__|__103006__2005,indicator_value__|__103006__2006,indicator_value__|__103006__2007,indicator_value__|__103006__2008,indicator_value__|__103006__2009,indicator_value__|__103006__2010,indicator_value__|__103006__2011,indicator_value__|__103006__2012,indicator_value__|__103006__2013,indicator_value__|__103006__2014,indicator_value__|__103006__2015,indicator_value__|__103006__2016,indicator_value__|__103006__2017,indicator_value__|__103006__2018,indicator_value__|__103006__2019
AFG,1.49,1.564,1.638,1.712,1.786,1.86,1.92,1.98,2.04,2.1,2.16,2.248,2.336,2.424,2.512,2.6,2.726,2.852,2.978,3.104,3.23,3.31,3.39,3.47,3.55,3.63,3.63,3.78,3.93,3.93
AGO,,,,,,,,,,4.42,4.42,4.42,4.42,4.42,4.42,4.42,4.481,4.542,4.604,4.665,4.726,4.726,4.788,4.851,4.915,4.98,5.1,5.125,5.174,5.174
ALB,7.83,7.828,7.826,7.824,7.822,8.027,8.175,8.323,8.471,8.619,8.767,8.727,8.967,9.02,9.072,9.124,9.177,9.229,9.208,9.287,9.292,9.958,10.025,10.025,10.025,10.025,10.025,10.055,10.055,10.146
AND,,,,,,,,,,,9.894,9.894,9.894,10.134,10.515,9.894,10.213,10.251,10.288,10.326,10.364,10.402,10.439,10.477,10.515,10.59,10.59,10.519,10.502,10.502
ARE,5.623,5.915,6.207,6.5,6.792,7.084,7.323,7.562,7.802,8.041,8.28,8.424,8.569,8.713,8.858,9.119,9.272,9.425,9.578,9.731,9.883,10.036,10.189,10.342,10.495,10.648,10.923,12.111,12.111,12.111
ARG,7.862,7.954,8.046,8.138,8.23,8.322,8.472,8.621,8.771,8.92,9.07,9.136,9.202,9.268,9.187,9.106,10.282,10.295,10.308,10.321,10.334,10.347,10.36,10.373,10.387,10.446,10.505,10.565,10.565,10.941
ARM,10.08,10.152,10.224,10.296,10.368,10.44,10.514,10.588,10.662,10.736,10.81,10.714,10.759,10.804,10.848,10.893,10.938,10.983,11.028,11.072,11.117,11.162,11.263,11.364,11.465,11.7,11.501,11.302,11.302,11.302
ATG,,,,,,,,,,,7.026,8.911,8.963,9.014,9.066,9.118,9.17,9.221,9.273,9.325,9.236,8.99,9.035,9.08,9.126,9.171,9.217,9.263,9.294,9.294
AUS,11.734,11.753,11.773,11.792,11.812,11.831,11.837,11.843,11.85,11.856,11.862,11.877,11.837,11.798,11.759,11.2,11.292,11.369,12.429,12.478,12.578,12.66,12.85,12.18,12.254,12.532,12.58,12.683,12.683,12.725
AUT,8.64,8.686,8.732,8.778,8.824,8.87,8.904,8.938,8.972,9.006,9.04,9.219,9.399,9.578,9.758,9.937,10.117,11.598,11.534,11.743,11.784,11.78,11.822,11.859,12.439,12.561,12.559,12.559,12.559,12.546
AZE,,,,,,10.211,10.295,10.379,10.463,10.547,10.568,10.588,10.609,10.629,10.649,10.67,10.69,10.194,10.168,10.452,10.465,10.498,10.502,10.507,10.508,10.507,10.507,10.586,10.575,10.575
BDI,1.44,1.47,1.5,1.53,1.56,1.59,1.64,1.69,1.74,1.79,1.84,1.928,2.016,2.104,2.192,2.28,2.36,2.44,2.52,2.6,2.572,2.638,2.704,2.77,2.836,2.903,2.969,2.969,3.124,3.288
BEL,9.39,9.455,9.52,9.585,9.65,9.715,9.781,9.847,9.912,9.978,10.043,10.153,10.263,10.372,10.482,10.67,11.083,11.136,10.956,11.09,11.137,11.196,11.226,11.393,11.485,11.69,11.784,12.012,12.012,12.05
BEN,1.62,1.726,1.832,1.938,2.044,2.15,2.234,2.318,2.402,2.486,2.57,2.649,2.728,2.737,2.745,2.754,2.762,2.77,2.779,2.787,2.796,2.804,2.981,3.157,3.334,3.51,3.649,3.649,3.774,3.826
BFA,,,,,,,,,,,1.245,1.257,1.27,1.283,1.295,1.308,1.321,1.334,1.348,1.361,1.374,1.387,1.374,1.378,1.373,1.416,1.472,1.529,1.586,1.644
BGD,2.84,2.93,3.02,3.11,3.2,3.29,3.45,3.61,3.77,3.93,4.09,4.25,4.323,4.397,4.47,4.543,4.617,4.69,4.763,4.837,5.267,5.697,5.811,5.524,5.174,5.783,5.908,6.062,6.062,6.219
BGR,8.862,8.949,9.037,9.124,9.211,9.298,9.346,9.394,9.441,9.489,9.537,9.922,9.994,10.065,10.137,10.208,10.525,10.646,10.689,10.742,10.817,10.873,10.984,11.097,11.145,11.278,11.32,11.36,11.36,11.36
BHR,6.033,6.257,6.48,6.704,6.927,7.151,7.387,7.623,7.858,8.094,8.33,8.38,8.384,8.388,8.392,8.396,8.4,8.404,8.408,8.411,8.415,8.596,8.777,8.958,9.139,9.32,9.412,9.412,9.412,9.519
BHS,,,,,,,,,,,10.942,10.942,10.942,10.941,10.941,10.94,11.083,11.194,11.306,11.419,11.533,11.455,11.377,11.299,11.221,11.292,11.363,11.387,11.412,11.437
BIH,,,,,,,,,,,7.014,7.084,7.155,7.227,7.299,7.373,7.447,7.521,7.597,7.673,7.083,7.208,8.339,8.747,8.918,9.008,9.705,9.761,9.818,9.818
BLR,,,,,,8.541,8.614,8.688,8.763,8.838,8.913,8.989,9.064,9.139,9.215,9.29,9.953,10.615,11.278,11.941,11.953,11.965,11.977,12.049,12.12,12.192,12.264,12.264,12.306,12.306
BLZ,5.868,5.868,5.997,6.127,6.257,6.387,6.517,6.656,6.794,6.933,7.071,7.21,7.315,7.421,7.526,7.632,7.881,8.137,8.402,8.676,9.526,9.073,9.19,9.308,9.428,9.549,9.672,9.796,9.796,9.922
BOL,6.408,6.548,6.687,6.827,6.966,7.106,7.174,7.242,7.309,7.377,7.445,7.27,7.206,7.142,7.078,7.014,7.295,7.098,7.585,7.673,7.754,7.977,8.026,8.395,8.525,8.683,8.761,8.915,9.018,9.018
BRA,3.751,3.928,4.104,4.281,4.457,4.634,4.821,5.007,5.194,5.38,5.567,5.773,5.979,6.186,6.237,6.303,6.369,6.549,6.722,6.824,6.944,7.065,7.277,7.353,7.447,7.576,7.707,7.841,7.841,7.981
BRB,8.088,8.188,8.288,8.387,8.487,8.587,8.606,8.625,8.643,8.662,8.994,9.033,9.073,9.112,9.151,9.19,9.224,9.258,9.292,9.326,9.36,9.908,10.457,10.482,10.507,10.532,10.557,10.557,10.557,10.642
BRN,7.51,7.62,7.73,7.84,7.95,8.06,8.106,8.152,8.198,8.244,8.29,8.328,8.366,8.404,8.442,8.48,8.538,8.596,8.654,8.712,8.77,8.82,8.87,8.92,8.97,9.02,9.06,9.06,9.1,9.14
BTN,,,,,,,,,,,,,,,,2.3,2.301,2.302,2.303,2.304,2.305,2.306,2.504,2.818,3.132,3.446,3.76,4.074,4.074,4.074
BWA,5.52,5.758,5.996,6.234,6.472,6.71,6.89,7.07,7.25,7.43,7.61,7.744,7.878,8.012,8.146,8.28,8.398,8.516,8.634,8.752,8.87,8.947,9.023,9.1,9.177,9.234,9.253,9.33,9.403,9.56
CAF,2.06,2.134,2.208,2.282,2.356,2.43,2.516,2.602,2.688,2.774,2.86,2.94,3.02,3.1,3.18,3.26,3.322,3.384,3.446,3.508,3.57,3.702,3.834,3.966,4.098,4.23,4.256,4.256,4.282,4.282
CAN,10.28,10.35,10.42,10.49,10.56,10.63,10.7,10.77,10.84,10.91,10.98,11.228,11.476,11.724,11.972,12.22,12.288,12.356,12.424,12.492,12.56,12.668,12.776,12.884,13.105,13.239,13.282,13.315,13.315,13.366
CHE,9.683,9.701,9.719,9.736,9.754,9.772,10.106,10.44,10.774,11.108,11.442,11.554,11.665,11.777,11.888,12,12.284,12.568,12.852,13.331,13.316,13.318,13.405,13.359,12.937,13.085,13.041,13.103,13.381,13.381
CHL,8.056,8.13,8.203,8.277,8.35,8.424,8.49,8.556,8.621,8.687,8.753,8.964,9.175,9.386,9.598,9.544,9.491,9.93,10.28,11.053,9.027,9.544,9.711,9.882,10.055,10.199,10.344,10.447,10.447,10.583
CHN,4.83,5.002,5.174,5.346,5.518,5.69,5.846,6.002,6.158,6.314,6.47,6.548,6.626,6.704,6.782,6.86,6.911,6.961,7.012,7.063,7.333,7.399,7.464,7.53,7.636,7.742,7.848,7.848,7.9,8.06
CIV,2.04,2.132,2.224,2.316,2.408,2.5,2.65,2.8,2.95,3.1,3.25,3.348,3.446,3.544,3.642,3.74,3.836,3.932,4.028,4.124,4.22,4.376,4.532,4.688,4.444,5,5.096,5.192,5.192,5.288
CMR,3.47,3.606,3.742,3.878,4.014,4.15,4.288,4.426,4.564,4.702,4.84,4.901,5.092,5.11,5.129,5.147,5.166,5.184,5.192,5.201,5.284,5.499,5.703,5.907,5.798,5.957,6.121,6.207,6.292,6.311
COD,2.25,2.384,2.518,2.652,2.786,2.92,2.994,3.068,3.142,3.216,3.29,3.499,3.708,3.918,4.127,4.336,4.545,4.755,4.964,5.173,5.92,5.592,5.801,5.97,6.517,6.365,6.562,6.759,6.759,6.76
COG,4.354,4.509,4.663,4.818,4.972,5.127,5.211,5.295,5.38,5.464,5.548,5.602,5.656,5.709,5.763,5.817,5.872,5.926,5.981,6.035,6.092,6.15,6.207,6.301,6.394,6.487,6.502,6.502,6.502,6.517
COL,5.455,5.583,5.71,5.838,5.965,6.093,6.174,6.256,6.337,6.419,6.5,6.515,6.53,6.544,6.559,6.795,6.723,7.2,7.333,7.259,7.407,7.533,7.64,7.849,8.009,8.063,8.269,8.327,8.327,8.469
COM,,,,,,,,,,,2.762,2.762,2.79,2.818,2.846,3.065,3.285,3.504,3.724,3.943,4.163,4.382,4.602,4.661,4.722,4.783,4.846,4.909,4.994,5.079
CPV,,,,,,,,,,,3.504,3.666,3.828,3.99,4.152,4.314,4.476,4.638,4.8,4.962,5.124,5.286,5.448,5.611,5.773,5.872,5.973,6.076,6.181,6.288
CRI,6.936,7.035,7.134,7.232,7.331,7.43,7.543,7.657,7.77,7.884,7.997,7.976,7.955,7.934,7.913,7.892,7.934,8.081,8.367,8.44,8.308,8.43,8.493,8.538,8.766,8.603,8.581,8.667,8.667,8.742
CUB,8.485,8.628,8.77,8.913,9.055,9.198,9.286,9.374,9.462,9.55,9.638,9.688,9.452,9.787,9.837,9.887,10.119,10.352,10.584,10.816,11.049,11.281,10.841,11.023,11.144,11.387,11.569,11.751,11.751,11.791
CYP,8.701,8.805,8.91,9.014,9.119,9.223,9.369,9.514,9.66,9.806,9.952,10.097,10.243,10.389,10.47,10.661,10.915,11.224,11.307,11.286,11.469,11.63,11.832,11.966,11.904,11.886,12.104,12.104,12.171,12.171
CZE,8.386,8.386,8.637,8.887,9.137,9.388,9.638,9.888,10.138,10.389,10.639,10.889,11.139,11.39,11.64,11.89,12.14,12.158,12.207,12.311,12.403,12.487,12.372,12.616,12.829,12.677,12.62,12.661,12.71,12.722
DEU,8.77,8.948,9.126,9.304,9.482,9.66,9.83,10,10.413,10.826,11.238,11.651,12.064,12.477,13.108,13.026,13.526,13.601,13.673,13.741,13.764,13.84,13.885,13.916,14.037,14.082,14.132,14.132,14.132,14.152
DJI,,,,,,2.825,2.825,2.926,3.028,3.13,3.232,3.334,3.436,3.537,3.639,3.741,3.843,3.875,3.908,3.94,3.973,4.005,4.038,4.046,4.054,4.062,4.07,4.07,4,4.1
DMA,,,,,,,,,,,7.775,7.775,7.782,7.789,7.796,7.803,7.81,7.817,7.824,7.831,7.838,7.845,7.852,7.894,7.935,7.977,8.018,8.059,8.101,8.142
DNK,8.96,9.15,9.34,9.53,9.72,9.91,10.074,10.238,10.402,10.566,10.73,11.426,12.123,12.819,12.801,12.783,12.765,12.516,12.943,12.733,12.721,12.729,12.763,12.784,12.805,12.531,12.522,12.577,12.642,12.614
DOM,4.97,5.145,5.319,5.494,5.669,5.844,5.956,6.069,6.182,6.295,6.408,6.532,6.655,6.779,6.903,7.027,7.121,7.215,7.232,7.249,7.333,7.42,7.523,7.611,7.753,7.825,7.88,7.935,7.935,8.124
DZA,3.555,3.79,4.025,4.261,4.496,4.731,4.962,5.194,5.425,5.657,5.888,6.086,6.284,6.481,6.679,6.877,7.024,7.171,6.74,6.936,7.131,7.37,7.608,7.847,7.887,7.927,7.947,7.967,7.987,7.987
ECU,6.636,6.691,6.746,6.8,6.855,6.91,6.918,6.926,6.934,6.942,6.95,7.012,7.074,7.135,7.197,7.259,7.255,7.715,7.723,7.736,7.845,7.904,8.094,8.284,8.356,8.696,8.687,8.76,8.833,8.907
EGY,3.51,3.618,3.726,3.834,3.942,4.05,4.19,4.33,4.47,4.61,4.75,4.922,5.094,5.266,5.438,5.61,5.798,5.986,6.174,6.362,6.55,6.662,6.774,6.886,6.998,7.11,7.218,7.218,7.326,7.434
ERI,,,,,,,,,,,,,,,,3.712,3.742,3.771,3.801,3.83,3.86,3.86,3.86,3.86,3.86,3.86,3.901,3.901,3.9,3.9
ESP,6.039,6.378,6.717,7.055,7.394,7.733,7.862,7.991,8.12,8.249,8.379,8.453,8.527,8.6,8.682,8.972,9.08,9.173,9.239,9.304,9.417,9.54,9.568,9.496,9.781,9.974,10.116,10.184,10.252,10.252
EST,9.31,9.546,9.782,10.018,10.254,10.49,10.74,10.99,11.24,11.49,11.74,11.808,11.876,11.944,12.012,12.08,12.16,12.24,12.32,12.4,12.48,12.514,12.548,12.582,12.616,12.94,13.066,13.029,13.064,13.143
ETH,,,,,,,,,,,1.476,1.564,1.652,1.74,1.828,1.916,2.004,2.023,2.172,2.252,2.332,2.412,2.412,2.495,2.495,2.581,2.681,2.795,2.795,2.883
FIN,7.46,7.694,7.928,8.162,8.396,8.63,8.768,8.906,9.044,9.182,9.32,9.416,9.512,9.608,12.491,12.543,12.595,12.649,12.698,12.756,12.804,12.855,12.902,12.75,12.626,12.678,12.714,12.769,12.824,12.824
FJI,8.37,8.654,8.938,9.222,9.506,9.79,9.754,9.718,9.682,9.646,9.61,9.522,9.434,9.346,9.258,9.17,9.252,9.334,9.416,9.498,9.58,9.822,10.064,10.306,10.548,10.79,10.79,10.837,10.884,10.902
FRA,7.142,7.467,7.792,8.118,8.443,8.768,8.98,9.192,9.404,9.616,9.828,9.958,10.088,10.218,10.315,10.397,10.58,10.657,10.744,10.824,10.874,10.949,11.036,11.187,11.389,11.511,11.351,11.417,11.417,11.48
FSM,,,,,,,,,,,4.84,5.075,5.311,5.547,5.783,6.019,6.255,6.491,6.726,6.962,7.198,7.27,7.343,7.416,7.49,7.565,7.641,7.717,7.717,7.805
GAB,4.32,4.5,4.68,4.86,5.04,5.22,5.406,5.592,5.778,5.964,6.15,6.304,6.458,6.612,6.766,6.92,7.05,7.18,7.31,7.44,7.57,7.685,7.8,7.901,8.004,8.108,8.213,8.32,8.416,8.698
GBR,7.932,8.617,9.303,9.988,10.674,11.359,11.417,11.475,11.534,11.592,11.65,11.751,11.851,11.952,12.053,12.154,12.384,12.614,12.844,13.083,13.209,13.018,12.871,12.596,12.693,12.79,12.889,12.889,12.951,13.243
GEO,,,,,,,,,,,11.749,11.821,11.894,11.967,12.038,12.11,12.125,12.141,12.156,12.171,12.187,12.202,12.496,12.557,12.618,12.716,12.815,12.815,12.815,13.133
GHA,4.91,5.06,5.21,5.36,5.51,5.66,5.754,5.848,5.942,6.036,6.13,6.186,6.242,6.298,6.354,6.41,6.48,6.55,6.62,6.69,6.723,6.796,6.832,6.868,6.904,6.94,7.062,7.062,7.184,7.306
GIN,1.199,1.223,1.248,1.273,1.298,1.324,1.35,1.376,1.402,1.428,1.454,1.48,1.506,1.531,1.557,1.583,1.596,1.608,1.621,1.634,1.646,2.032,2.418,2.568,2.615,2.661,2.707,2.707,2.707,2.774
GMB,1.24,1.352,1.464,1.576,1.688,1.8,1.838,1.876,1.914,1.952,1.99,2.064,2.138,2.212,2.286,2.36,2.452,2.544,2.636,2.728,2.82,3.096,3.234,3.373,3.5,3.515,3.525,3.666,3.794,3.922
GNB,,,,,,,,,,,,,,,,2.26,2.26,2.342,2.424,2.506,2.587,2.669,2.751,2.833,3.206,3.238,3.271,3.303,3.303,3.563
GNQ,,,,,,,,,,,5.364,5.364,5.376,5.387,5.399,5.411,5.422,5.434,5.446,5.457,5.469,5.48,5.492,5.504,5.516,5.527,5.539,5.551,5.551,5.911
GRC,7.889,7.947,8.006,8.065,8.123,8.182,8.259,8.337,8.414,8.492,8.569,8.817,9.065,9.313,9.561,9.81,9.91,10.011,10.058,10.109,10.285,10.255,10.35,10.445,10.539,10.604,10.264,10.54,10.54,10.552
GRD,,,,,,,,,,,,,7.445,7.552,7.659,7.766,7.873,7.98,8.086,8.193,8.3,8.375,8.45,8.525,8.6,8.676,8.676,8.676,8.8,9.032
GTM,3.108,3.179,3.25,3.321,3.392,3.463,3.508,3.553,3.597,3.642,3.686,3.754,3.822,3.718,3.614,3.51,3.678,3.836,3.994,4.153,4.311,4.469,4.627,4.708,6.372,6.404,6.436,6.468,6.468,6.623
GUY,6.77,6.86,6.95,7.04,7.13,7.22,7.32,7.42,7.52,7.62,7.72,7.756,7.793,7.829,7.866,7.902,7.939,7.975,8.011,8.048,8.118,8.188,8.258,8.328,8.398,8.421,8.444,8.467,8.49,8.49
HKG,8.55,8.59,8.63,8.67,8.71,8.75,8.76,8.77,8.78,8.79,8.8,9.147,9.493,9.84,10.186,10.533,10.995,10.927,11.269,11.37,11.458,11.4,11.591,11.591,11.9,11.9,12.068,12.174,12.28,12.28
HND,3.454,3.537,3.62,3.702,3.785,3.867,3.949,4.03,4.111,4.192,4.273,4.367,4.46,4.554,4.648,4.741,4.834,4.955,5.078,5.23,5.382,5.582,5.518,5.826,6.158,6.296,6.531,6.596,6.596,6.573
HRV,6.005,6.273,6.541,6.809,7.077,7.345,7.761,8.177,8.593,9.009,9.425,9.841,9.798,9.754,9.711,9.668,9.894,10.121,10.347,10.574,10.8,11.144,11.187,11.23,11.274,11.317,11.361,11.405,11.405,11.449
HTI,2.69,2.792,2.894,2.996,3.098,3.2,3.31,3.42,3.53,3.64,3.75,3.858,3.966,4.074,4.182,4.29,4.38,4.47,4.56,4.65,4.74,4.809,4.878,5.013,5.152,5.295,5.442,5.442,5.592,5.592
HUN,8.65,8.989,9.329,9.668,10.008,10.347,10.318,10.29,10.261,10.233,10.204,10.319,10.322,10.468,10.614,10.706,11.131,11.312,11.493,12.101,12.18,11.736,11.835,12.009,11.773,11.848,11.848,11.889,11.889,11.963
IDN,3.286,3.474,3.662,3.85,4.038,4.226,4.726,5.225,5.725,6.224,6.724,6.868,7.013,7.157,7.302,7.446,7.851,7.074,7.117,7.353,7.408,7.56,7.588,7.761,7.805,7.914,7.919,7.98,7.976,8.167
IND,2.96,3.07,3.18,3.29,3.4,3.51,3.69,3.87,4.05,4.23,4.41,4.492,4.574,4.656,4.738,4.82,4.934,5.048,5.162,5.276,5.39,5.302,5.539,5.776,6.012,6.249,6.351,6.452,6.452,6.5
IRL,9.73,9.864,9.998,10.132,10.266,10.4,10.488,10.576,10.664,10.752,10.84,11.018,11.196,11.374,11.552,11.73,11.824,11.918,12.012,12.106,11.143,10.908,11.344,11.829,12.314,12.314,12.531,12.526,12.526,12.666
IRN,4.22,4.428,4.636,4.844,5.052,5.26,5.452,5.644,5.836,6.028,6.22,6.382,6.544,6.706,6.868,7.03,9.132,8.87,8.608,8.79,8.971,9.221,9.47,9.766,9.84,9.926,10.012,10.012,10.15,10.347
IRQ,3.19,3.386,3.582,3.778,3.974,4.17,4.344,4.518,4.692,4.866,5.04,5.2,5.36,5.52,5.68,5.84,5.948,6.056,6.164,6.272,6.38,6.584,6.599,6.614,6.629,6.769,6.907,7.047,7.316,7.316
ISL,8.46,8.554,8.648,8.742,8.836,8.93,9.034,9.138,9.242,9.346,9.45,9.568,9.686,9.804,9.922,10.04,10.15,10.26,10.37,10.48,10.59,11.036,11.482,11.928,12.191,12.191,12.364,12.364,12.537,12.773
ISR,10.826,10.98,11.134,11.287,11.441,11.595,11.678,11.761,11.845,11.928,12.011,12.065,12.119,12.173,12.227,12.281,12.092,12.513,12.553,12.594,12.628,12.733,12.826,12.804,12.916,12.916,12.959,12.959,12.959,13.035
ITA,7.29,7.418,7.546,7.674,7.802,7.93,8.06,8.19,8.32,8.45,8.58,8.682,8.816,8.949,9.082,9.17,9.282,9.419,9.532,9.612,9.7,9.774,9.894,9.988,10.081,10.081,10.189,10.245,10.312,10.38
JAM,5.933,5.933,6.09,6.247,6.404,6.561,6.718,6.876,7.033,7.19,7.347,7.504,7.661,7.818,7.975,8.132,8.29,8.447,8.604,8.761,8.918,8.96,9.094,9.23,9.369,9.509,9.652,9.797,9.765,9.733
JOR,5.104,5.941,6.778,7.614,8.451,9.288,9.339,9.389,9.44,9.49,9.541,9.577,9.614,9.651,9.687,9.724,9.761,9.798,9.764,9.872,9.848,9.908,9.908,9.876,10.098,10.32,10.386,10.386,10.452,10.518
JPN,9.61,9.724,9.838,9.952,10.066,10.18,10.29,10.4,10.51,10.62,10.73,10.818,10.906,10.994,11.082,11.17,11.24,11.31,11.38,11.45,11.52,11.756,11.992,12.228,12.464,12.464,12.7,12.75,12.8,12.85
KAZ,8.05,8.294,8.538,8.782,9.026,9.27,9.512,9.754,9.996,10.238,10.48,10.732,10.984,11.236,11.488,11.74,11.676,11.612,11.548,11.484,11.42,11.484,11.548,11.612,11.676,11.676,11.74,11.762,11.784,11.895
KEN,3.72,3.884,4.048,4.212,4.376,4.54,4.684,4.828,4.972,5.116,5.26,5.372,5.484,5.596,5.708,5.82,5.89,5.959,6.029,6.098,6.141,6.184,6.227,6.256,6.278,6.3,6.388,6.476,6.564,6.564
KGZ,8.56,8.668,8.776,8.884,8.992,9.1,9.249,9.399,9.548,9.785,9.846,9.908,9.969,10.03,10.091,10.152,10.213,10.274,10.335,10.396,10.558,10.619,10.68,10.741,10.802,10.863,10.869,10.875,10.88,11.105
KHM,2.69,2.742,2.794,2.846,2.898,2.95,3.004,3.058,3.112,3.166,3.22,3.28,3.34,3.4,3.46,3.52,3.636,3.952,3.946,3.962,4.369,4.444,4.519,4.594,4.67,4.67,4.722,4.844,4.844,4.966
KIR,,,,,,,,,,,6.808,6.908,7.01,7.114,7.219,7.325,7.433,7.541,7.649,7.757,7.866,7.866,7.866,7.866,7.866,7.866,7.866,7.866,7.866,7.984
KNA,,,,,,,,,,,,,,,,7.188,7.315,7.444,7.576,7.71,7.846,7.984,8.123,8.261,8.4,8.4,8.4,8.4,8.5,8.663
KOR,8.948,9.164,9.38,9.596,9.812,10.028,10.139,10.249,10.36,10.47,10.581,10.737,10.893,11.049,11.205,11.361,11.442,11.524,11.605,11.152,11.638,11.829,11.89,12.019,12.068,12.116,12.165,12.185,12.214,12.214
KWT,5.459,5.526,5.593,5.66,5.727,5.795,5.873,5.951,6.029,6.107,6.185,6.167,6.149,6.131,6.113,5.783,6.205,6.28,6.463,6.612,6.81,7.009,7.314,6.72,6.915,7.143,7.209,7.276,7.276,7.276
LAO,3.09,3.186,3.282,3.378,3.474,3.57,3.636,3.702,3.768,3.834,3.9,3.966,4.032,4.098,4.164,4.23,4.298,4.366,4.434,4.502,4.57,4.785,5,5.097,5.03,5.116,5.194,5.194,5.202,5.288
LBN,,,,,,,,,,,,,,,,7.523,7.558,7.798,7.838,7.878,7.917,8.032,8.147,8.261,8.376,8.491,8.605,8.7,8.7,8.719
LBR,2.6,2.7,2.8,2.9,3,3.1,3.172,3.244,3.316,3.388,3.46,3.524,3.588,3.652,3.716,3.78,3.842,3.904,3.966,4.028,4.09,4.178,4.266,4.354,4.442,4.442,4.53,4.668,4.668,4.806
LBY,3.81,3.986,4.162,4.338,4.514,4.69,4.868,5.046,5.224,5.402,5.58,5.752,5.924,6.096,6.268,6.44,6.614,6.788,6.962,7.136,7.31,7.31,7.31,7.31,7.31,7.31,7.31,7.56,7.56,7.6
LCA,,,,,,,,,,,7.037,7.124,7.21,7.296,7.383,7.469,7.586,7.704,7.821,7.939,8.383,8.391,8.399,8.407,8.424,8.441,8.458,8.475,8.491,8.508
LIE,9.162,9.193,9.225,9.257,9.289,9.321,9.505,9.689,9.873,10.057,10.241,10.387,10.532,10.678,10.823,10.968,11.2,11.432,11.664,11.779,12.127,12.205,12.284,12.362,12.357,12.352,12.548,12.548,12.548,12.539
LKA,8.35,8.494,8.638,8.782,8.926,9.07,9.25,9.43,9.61,9.79,9.97,10.161,10.15,10.24,10.33,10.42,10.496,10.572,10.978,10.864,10.8,10.829,10.858,10.886,10.915,10.915,10.5,10.57,10.633,10.633
LSO,4.423,4.464,4.505,4.546,4.587,4.628,4.682,4.737,4.792,4.846,4.901,4.979,5.056,5.134,5.211,5.289,5.406,5.523,5.414,5.874,5.63,5.754,5.878,6.002,6.126,6.126,6.25,6.348,6.444,6.539
LTU,8.954,9.194,9.361,9.527,9.694,9.86,10.027,10.206,10.385,10.564,10.743,10.922,11.111,11.301,11.491,11.811,11.96,12.099,12.237,11.527,11.641,11.752,11.743,11.879,12.632,12.757,12.871,12.961,12.961,13.077
LUX,8.779,8.884,8.989,9.093,9.198,9.303,9.504,9.705,9.906,10.107,10.308,10.508,10.709,10.91,11.111,11.312,11.513,11.714,11.735,11.757,11.778,11.799,11.821,11.8,11.951,11.951,12.08,12.196,12.196,12.311
LVA,7.56,7.826,8.092,8.358,8.624,8.89,9.006,9.122,9.238,9.354,9.47,10.036,10.603,11.169,11.736,12.122,12.208,12.257,12.226,12.335,12.483,12.58,12.607,12.703,12.645,12.761,12.942,12.974,13.031,13.031
MAR,2.203,2.316,2.428,2.541,2.653,2.766,2.886,3.006,3.126,3.246,3.366,3.473,3.581,3.688,3.796,3.903,3.97,4.038,4.105,4.173,4.24,4.369,4.592,4.815,5.038,5.038,5.38,5.514,5.514,5.648
MDA,7.986,8.104,8.223,8.341,8.46,8.578,8.668,8.758,8.849,8.939,9.029,9.295,9.561,9.827,10.093,10.359,10.625,10.944,10.946,11.044,11.076,11.148,11.447,11.632,11.576,11.577,11.563,11.563,11.563,11.708
MDG,,,,,,,,,,,5.169,5.169,5.267,5.364,5.462,5.559,5.657,5.754,5.852,5.949,6.047,6.063,6.08,6.096,6.113,6.129,6.146,6.146,6.1,6.1
MDV,4.04,3.934,3.828,3.722,3.616,3.51,3.418,3.326,3.234,3.142,3.05,3.138,3.226,3.314,3.402,3.49,3.768,3.946,4.314,4.682,4.947,5.212,5.477,5.742,6.196,6.65,6.818,6.818,6.818,7.02
MEX,5.527,5.707,5.886,6.066,6.245,6.425,6.472,6.52,6.567,6.615,6.722,6.819,6.976,7.133,7.369,7.563,7.968,7.975,8.042,8.236,8.005,8.402,8.571,8.357,8.403,8.602,8.6,8.601,8.612,8.755
MHL,,,,,,,,,,,,,,,,,,,,,,10.756,10.777,10.799,10.821,10.842,10.864,10.886,10.886,10.886
MKD,,,,,,,,,,,6.506,6.818,7.145,7.488,7.831,8.174,8.355,8.535,8.716,8.897,9.078,9.259,9.334,9.408,9.483,9.557,9.632,9.68,9.741,9.813
MLI,0.714,0.749,0.784,0.818,0.853,0.888,0.953,1.019,1.084,1.15,1.216,1.306,1.396,1.487,1.577,1.667,1.732,1.796,1.86,1.924,1.989,2.045,2.141,2.237,2.269,2.105,2.229,2.291,2.353,2.353
MLT,7.396,7.407,7.417,7.428,7.438,7.448,7.57,7.691,7.812,7.934,8.055,8.198,8.34,8.483,8.626,9.785,9.822,9.859,10.009,10.158,10.308,10.473,10.797,11.028,11.126,11.214,11.288,11.288,11.288,11.326
MMR,2.43,2.486,2.542,2.598,2.654,2.71,2.788,2.866,2.944,3.022,3.1,3.19,3.28,3.37,3.46,3.55,3.658,3.766,3.874,3.982,4.09,4.308,4.526,4.744,4.8,4.857,4.913,4.953,4.994,5.034
MNG,7.69,7.714,7.738,7.762,7.786,7.81,7.886,7.962,8.038,8.114,8.19,8.276,8.362,8.448,8.534,8.62,8.752,8.884,9.016,9.148,9.481,9.813,9.872,9.931,9.991,10.051,10.111,10.155,10.172,10.251
MOZ,0.822,0.953,1.085,1.216,1.348,1.479,1.742,1.868,1.995,2.122,2.248,2.375,2.502,2.628,2.755,2.881,2.942,3.003,3.063,3.124,3.184,2.528,2.676,2.823,2.971,3.119,3.33,3.435,3.541,3.541
MRT,2.23,2.306,2.382,2.458,2.534,2.61,2.682,2.754,2.826,2.898,2.97,3.046,3.122,3.198,3.274,3.35,3.434,3.518,3.602,3.686,3.77,3.894,4.018,4.142,4.266,4.266,4.39,4.502,4.614,4.726
MUS,5.7,5.812,5.924,6.036,6.148,6.26,6.242,6.224,6.206,6.188,6.17,6.38,6.59,6.8,7.01,7.22,7.414,7.608,7.802,7.996,8.19,8.52,8.642,8.868,9.094,9.094,9.32,9.32,9.43,9.54
MWI,2.45,2.502,2.554,2.606,2.658,2.71,2.778,2.846,2.914,2.982,3.05,3.118,3.186,3.254,3.322,3.39,3.57,3.75,3.93,4.11,4.29,4.318,4.346,4.374,4.402,4.43,4.53,4.53,4.63,4.73
MYS,6.53,6.736,6.942,7.148,7.354,7.56,7.771,7.982,8.193,8.404,8.615,8.421,8.227,8.033,7.839,7.625,8.214,8.804,9.394,9.614,9.767,10.119,10.127,10.135,10.144,10.152,10.16,10.16,10.16,10.373
NAM,5.59,5.606,5.622,5.638,5.654,5.67,5.648,5.626,5.604,5.582,5.56,5.774,5.81,5.845,5.881,5.952,6.006,6.059,6.113,6.166,6.22,6.334,6.448,6.562,6.676,6.79,6.84,6.89,6.94,6.99
NER,0.69,0.728,0.766,0.804,0.842,0.88,0.924,0.968,1.012,1.056,1.1,1.14,1.18,1.22,1.26,1.3,1.33,1.36,1.39,1.42,1.45,1.502,1.632,1.687,1.741,1.796,1.874,1.951,2.029,2.079
NGA,,,,,,,,,,,,,,5.249,5.249,5.248,5.248,5.247,5.247,5.246,5.246,5.479,5.713,5.947,6.061,6.176,6.292,6.411,6.532,6.655
NIC,4.09,4.184,4.278,4.372,4.466,4.56,4.664,4.768,4.872,4.976,5.08,5.156,5.232,5.308,5.384,5.46,5.568,5.676,5.784,5.892,6,6.136,6.272,6.408,6.544,6.544,6.68,6.796,6.796,6.912
NLD,10.164,10.233,10.302,10.371,10.44,10.509,10.569,10.629,10.69,10.75,10.81,10.977,11.143,11.31,11.476,11.643,11.758,11.989,12.017,11.935,11.966,11.986,12.05,12.072,12.099,12.182,12.225,12.277,12.346,12.415
NOR,11.534,11.585,11.636,11.687,11.738,11.789,11.84,11.891,11.942,11.993,12.044,12.095,12.146,12.197,12.687,12.445,12.533,12.564,12.651,12.675,12.726,12.788,12.648,12.697,12.477,12.525,12.567,12.783,12.848,12.898
NPL,2.02,2.064,2.108,2.152,2.196,2.24,2.266,2.292,2.318,2.344,2.37,2.456,2.542,2.628,2.714,2.8,2.902,3.004,3.106,3.208,3.31,3.295,3.951,4.206,4.462,4.718,4.882,4.698,4.856,5.014
NZL,11.54,11.55,11.56,11.57,11.58,11.59,11.592,11.594,11.596,11.598,11.6,11.61,11.62,11.63,11.64,11.65,11.711,11.773,11.834,11.896,11.957,12.019,12.08,12.142,12.203,12.422,12.562,12.678,12.678,12.782
OMN,,,,,,,,,,,5.34,5.634,5.944,6.361,6.584,6.808,7.031,7.255,8.106,7.702,7.925,8.258,8.591,8.924,9.257,9.546,9.639,9.732,9.732,9.732
PAK,2.283,2.381,2.479,2.578,2.676,2.774,2.874,2.973,3.073,3.172,3.272,3.52,3.768,4.015,4.263,4.511,4.444,4.377,4.376,4.547,4.681,4.783,4.848,4.927,5.128,5.089,5.07,5.115,5.159,5.159
PAN,7.26,7.416,7.572,7.728,7.884,8.04,8.138,8.236,8.335,8.433,8.53,8.626,8.721,8.815,8.91,9.005,9.082,9.159,9.235,9.312,9.274,9.326,9.502,9.678,9.854,9.854,10.03,10.17,10.17,10.24
PER,6.578,6.714,6.851,6.987,7.124,7.26,7.4,7.54,7.679,7.819,7.959,8.107,8.255,8.403,8.551,8.734,8.096,8.109,8.381,8.382,8.417,9.088,8.62,8.802,9.42,9.115,9.377,9.536,9.696,9.696
PHL,6.59,6.696,6.802,6.908,7.014,7.12,7.208,7.296,7.385,7.473,7.681,7.716,7.871,8.026,8.646,8.742,8.838,8.934,8.965,8.957,8.921,8.997,9.073,9.149,9.222,9.296,9.327,9.36,9.393,9.393
PLW,10.298,10.417,10.536,10.655,10.774,10.893,10.991,11.089,11.187,11.285,11.383,11.387,11.39,11.393,11.397,11.4,11.532,11.665,11.797,11.93,12.062,12.195,12.202,12.21,12.883,12.785,12.687,12.589,12.491,12.491
PNG,2.32,2.44,2.56,2.68,2.8,2.92,2.988,3.056,3.124,3.192,3.26,3.318,3.376,3.434,3.492,3.55,3.63,3.71,3.79,3.87,3.95,4.076,4.202,4.328,4.328,4.328,4.58,4.58,4.62,4.66
POL,9.75,9.904,10.058,10.212,10.366,10.52,10.627,10.734,10.841,10.948,11.055,11.098,11.359,11.456,11.552,11.648,11.745,11.841,11.938,12.097,12.211,12.315,11.746,12.062,12.131,12.202,12.273,12.294,12.294,12.472
PRT,6.217,6.262,6.308,6.353,6.399,6.444,6.475,6.506,6.688,6.741,6.821,6.916,6.989,7.173,7.413,7.522,7.646,7.68,7.789,7.937,8.071,8.287,8.482,8.645,8.942,9.06,9.112,9.191,9.241,9.263
PRY,5.752,5.827,5.859,5.976,6.05,6.125,6.077,6.029,5.982,5.934,5.886,6.172,6.458,6.969,7.126,7.344,7.068,7.148,7.383,6.968,7.703,7.811,7.776,8.292,8.249,8.525,8.351,8.45,8.45,8.535
PSE,,,,,,,,,,,,,,,7.654,7.761,7.867,8.049,8.153,8.467,8.525,8.749,9.029,8.874,8.918,9.022,9.105,9.105,9.105,9.166
QAT,5.401,5.51,5.62,5.729,5.839,5.948,6.341,6.734,7.127,7.52,7.913,8.011,8.108,8.206,8.397,8.791,9.185,9.579,9.677,9.246,8.41,8.727,9.201,9.886,9.806,9.737,9.667,9.667,9.667,9.731
ROU,9.036,9.139,9.241,9.344,9.446,9.549,9.613,9.676,9.74,9.803,9.867,9.711,9.619,9.735,9.914,10.092,10.271,10.523,10.603,10.622,10.658,10.776,10.87,10.933,10.862,10.883,10.978,10.978,10.978,11.071
RUS,9.204,9.373,9.542,9.711,9.88,10.049,10.309,10.568,10.828,11.087,11.347,11.359,11.371,11.382,11.394,11.406,11.418,11.43,11.442,11.453,11.465,11.531,11.598,11.664,11.73,11.796,11.84,12.02,12.172,12.172
RWA,1.76,1.802,1.844,1.886,1.928,1.97,2.03,2.09,2.15,2.21,2.27,2.378,2.486,2.594,2.702,2.81,2.944,3.078,3.212,3.346,3.829,3.777,3.726,3.797,4.008,4.01,4.146,4.282,4.341,4.417
SAU,5.65,5.75,5.85,5.95,6.05,6.168,6.271,6.375,6.478,6.581,6.685,6.838,6.991,7.144,7.485,7.556,7.815,8.074,8.333,8.592,8.851,9.11,9.369,9.502,9.502,9.804,9.944,10.085,10.225,10.225
SDN,1.5,1.594,1.688,1.782,1.876,1.97,2.064,2.158,2.252,2.346,2.44,2.538,2.636,2.734,2.832,2.93,2.97,3.01,3.05,3.09,3.13,3.228,3.326,3.424,3.522,3.62,3.62,3.67,3.72,3.77
SEN,2.2,2.172,2.144,2.116,2.088,2.06,2.026,1.992,1.958,1.924,1.89,2.347,2.352,2.357,2.363,2.368,2.373,2.379,2.384,2.389,2.4,2.419,2.628,2.78,2.832,2.883,2.935,2.986,3.069,3.183
SGP,5.79,6.096,6.402,6.708,7.014,7.32,7.636,7.952,8.268,8.584,8.9,9.213,9.527,9.84,10.153,10.596,10.477,10.251,10.533,10.544,10.982,11.052,11.071,11.209,11.276,11.628,11.646,11.398,11.625,11.625
SLB,,,,,,,,,,4.498,4.552,4.606,4.66,4.714,4.768,4.822,4.878,4.933,4.989,5.044,5.1,5.157,5.214,5.272,5.331,5.441,5.441,5.541,5.541,5.712
SLE,1.58,1.656,1.732,1.808,1.884,1.96,2.028,2.096,2.164,2.232,2.3,2.376,2.452,2.528,2.604,2.68,2.756,2.832,2.908,2.984,3.06,3.128,3.196,3.264,3.332,3.4,3.4,3.5,3.6,3.7
SLV,3.718,3.816,3.915,4.013,4.112,4.21,4.4,4.589,4.779,4.968,5.158,5.328,5.499,5.669,5.84,6.01,6.363,5.769,6.373,6.457,7.142,6.527,6.708,6.58,6.542,6.618,6.769,6.873,6.89,6.907
SRB,7.95,8.122,8.294,8.466,8.638,8.81,8.926,9.042,9.158,9.274,9.39,9.554,9.718,9.882,10.046,10.21,10.21,10.21,10.367,10.438,10.401,10.633,10.46,10.413,10.715,11.013,11.127,11.137,11.181,11.194
SSD,,,,,,,,,,,,,,,,,,,4.849,4.849,4.849,4.849,4.849,4.849,4.849,4.849,4.849,4.849,4.849,4.8
STP,2.876,3.009,3.142,3.275,3.408,3.541,3.674,3.807,3.941,4.074,4.207,4.263,4.32,4.376,4.432,4.489,4.545,4.602,4.658,4.765,4.871,4.977,5.083,5.189,5.296,5.56,5.838,6.13,6.437,6.437
SUR,,,,,,,,,,,,,,,7.714,7.651,7.651,7.651,7.651,7.651,7.675,8.259,8.844,8.9,8.956,9.013,9.069,9.125,9.125,9.261
SVK,10.75,10.878,11.006,11.134,11.262,11.39,11.178,10.967,10.755,10.544,10.332,10.199,10.281,10.441,10.601,10.762,10.922,11.082,11.242,11.403,11.563,12.089,12.251,12.234,12.287,12.453,12.552,12.606,12.639,12.693
SVN,10.903,10.968,11.033,11.099,11.164,11.229,11.296,11.363,11.43,11.497,11.564,11.536,11.508,11.481,11.97,11.715,11.847,11.787,11.945,12.061,12.096,12.211,11.651,11.72,11.908,11.908,12.029,12.273,12.466,12.659
SWE,10.54,10.622,10.704,10.786,10.868,10.95,11.044,11.138,11.232,11.326,11.42,11.503,11.587,11.822,12.274,12.357,12.432,12.504,12.169,12.24,12.31,12.38,12.449,12.222,12.283,12.367,12.426,12.426,12.426,12.548
SWZ,4.226,4.328,4.306,4.284,4.262,4.24,4.164,4.088,4.012,3.936,3.86,3.714,3.568,3.422,3.978,4.534,5.091,5.252,5.414,5.576,5.737,5.933,6.129,6.325,6.521,6.642,6.748,6.748,6.855,6.855
SYC,,,,,,,,,,,7.438,7.497,7.556,7.615,7.674,7.733,7.81,8.204,8.599,8.993,9.388,9.435,9.482,9.529,9.577,9.625,9.686,9.786,9.885,9.992
SYR,3.97,4.072,4.174,4.276,4.378,4.48,4.5,4.52,4.54,4.56,4.58,4.824,4.741,5.093,5.446,5.798,6.151,6.504,6.296,6.596,6.25,6.25,6.25,6.25,5.625,5.063,5.063,5.1,5.1,5.1
TCD,,,,,,,,,,,1.358,1.358,1.358,1.371,1.385,1.491,1.578,1.666,1.754,1.841,1.929,2.002,2.075,2.148,2.22,2.293,2.351,2.409,2.47,2.524
TGO,2.99,3.098,3.206,3.314,3.422,3.53,3.62,3.71,3.8,3.89,3.98,4.03,4.08,4.13,4.18,4.23,4.25,4.27,4.29,4.31,4.33,4.374,4.418,4.462,4.462,4.555,4.648,4.741,4.834,4.95
THA,4.572,4.7,4.74,4.823,4.907,4.991,5.221,5.451,5.681,5.91,6.14,6.337,6.533,6.729,6.831,6.95,6.625,7.145,7.315,7.485,7.283,7.519,7.715,7.478,7.591,7.61,7.601,7.731,7.771,7.939
TJK,9.57,9.768,9.966,10.164,10.362,10.56,10.577,10.594,10.612,10.629,10.712,10.622,10.598,10.573,10.549,10.525,10.501,10.477,10.996,10.948,10.9,10.82,10.74,10.66,10.58,10.5,10.545,10.608,10.671,10.734
TKM,,,,,,,,,,,,,,,,,,,,,9.878,9.862,9.845,9.829,9.813,9.796,9.78,9.78,10.274,10.274
TLS,,,,,,,,,,,2.762,2.762,2.89,3.018,3.146,3.274,3.403,3.531,3.977,4.424,4.439,4.453,4.467,4.481,4.496,4.51,4.524,4.538,4.538,4.794
TON,8.3,8.468,8.636,8.804,8.972,9.14,9.128,9.116,9.104,9.092,9.08,9.11,9.14,9.17,9.2,9.23,9.403,9.822,10.118,10.414,10.71,10.858,10.886,10.974,11.062,11.15,11.15,11.18,11.21,11.24
TTO,7.94,8.06,8.18,8.3,8.42,8.54,8.666,8.792,8.918,9.044,9.17,9.292,9.414,9.536,9.78,10.023,9.898,10.511,10.716,10.722,10.76,10.797,10.835,10.873,10.911,10.949,10.987,11.026,11.026,11.034
TUN,3.43,3.57,3.71,3.85,3.99,4.13,4.284,4.438,4.592,4.746,4.9,5.07,5.24,5.41,5.58,5.75,5.916,6.082,6.336,6.414,6.678,6.854,6.769,6.85,6.93,7.01,7.091,7.172,7.172,7.22
TUR,4.528,4.584,4.64,4.695,4.751,4.807,4.955,5.102,5.25,5.397,5.545,5.634,5.724,5.813,5.951,6.074,5.963,6.088,6.184,6.271,6.538,6.725,7.258,7.543,7.68,7.637,7.801,7.965,8.107,8.107
TZA,3.6,3.698,3.796,3.894,3.992,4.09,4.121,4.151,4.182,4.212,4.243,4.273,4.304,4.407,4.511,4.76,4.832,4.904,4.976,5.048,5.12,5.12,5.456,5.589,5.723,5.857,5.972,6.008,6.008,6.122
UGA,2.77,2.892,3.014,3.136,3.258,3.38,3.476,3.572,3.668,3.764,3.86,3.974,4.172,4.286,4.4,4.43,4.628,4.826,5.151,5.222,5.653,5.414,5.261,5.392,5.523,5.654,5.712,5.826,6.09,6.172
UKR,9.14,9.32,9.5,9.68,9.86,10.04,10.168,10.296,10.424,10.552,10.68,10.776,10.937,10.968,11.064,11.16,11.196,11.232,11.268,11.304,11.34,11.272,11.289,11.312,11.501,11.431,11.422,11.414,11.406,11.397
URY,7.16,7.2,7.241,7.281,7.321,7.362,7.485,7.609,7.733,7.857,7.981,7.98,7.978,7.976,7.974,7.973,8.029,8.159,8.405,8.405,8.36,8.442,8.516,8.523,8.628,8.684,8.719,8.729,8.848,8.926
USA,12.34,12.42,12.5,12.581,12.661,12.741,12.742,12.743,12.744,12.745,12.746,12.748,12.749,12.75,12.751,12.754,12.835,12.874,13.17,13.246,13.295,13.351,13.394,13.265,13.289,13.289,13.321,13.413,13.413,13.413
UZB,,,,,,,,,,,9.088,9.232,9.375,9.519,9.663,9.806,9.95,10.138,10.327,10.515,10.704,10.892,11.08,11.269,11.3,11.374,11.388,11.706,11.756,11.807
VCT,,,,,,,,,,,7.538,7.61,7.682,7.754,7.826,7.899,7.971,8.043,8.115,8.188,8.26,8.332,8.404,8.446,8.489,8.531,8.574,8.617,8.66,8.785
VEN,4.59,4.772,4.954,5.136,5.318,5.5,5.683,5.812,6.013,6.214,6.415,6.374,6.818,7.019,7.22,7.421,7.577,8.06,8.212,8.333,8.853,9.75,9.749,9.858,9.968,10.077,10.323,10.323,10.307,10.307
VNM,3.94,4.072,4.204,4.336,4.468,4.6,4.764,4.928,5.092,5.256,5.42,5.624,5.828,6.032,6.236,6.44,6.642,6.844,7.046,8.046,7.45,7.6,7.75,7.9,7.843,7.989,8.05,8.2,8.2,8.32
VUT,,,,,,,,,,,,,,,,6.504,6.54,6.576,6.612,6.648,6.684,6.721,6.757,6.793,6.793,6.793,6.68,6.76,6.84,7.065
WSM,7.602,7.724,7.845,7.966,8.088,8.209,8.331,8.452,8.573,8.695,8.816,8.937,9.059,9.18,9.301,9.423,9.544,9.665,9.787,9.908,10.03,10.49,10.511,10.532,10.553,10.574,10.595,10.595,10.595,10.779
YEM,0.29,0.362,0.434,0.506,0.578,0.65,0.76,0.87,0.98,1.09,1.2,1.332,1.464,1.596,1.728,1.86,2.008,2.156,2.304,2.452,2.6,2.8,3,3,3,3,3,3,3.2,3.2
ZAF,6.49,6.6,7.177,7.523,7.869,8.215,8.327,8.438,8.549,8.661,8.772,7.489,8.529,8.768,8.831,8.906,8.957,9.083,9.723,10.137,10.215,9.574,9.821,9.905,9.989,10.134,10.155,10.155,10.241,10.241
ZMB,4.68,4.952,5.224,5.496,5.768,6.04,6.008,5.976,5.944,5.912,5.88,5.968,6.056,6.144,6.232,6.32,6.376,6.291,6.488,6.544,6.6,6.674,6.748,6.822,6.769,6.864,6.96,7.056,7.104,7.152
ZWE,4.53,4.732,4.934,5.136,5.338,5.54,5.729,5.919,6.108,6.297,6.487,6.676,6.863,6.827,6.788,6.75,6.85,6.95,7.05,7.15,7.25,7.25,7.865,8.007,8.15,8.201,8.292,8.342,8.378,8.467